<?xml version="1.0" encoding="UTF-8"?>
<COMPONENT>
    <HEADER AUTHOR="Javier Alperte" COMPATIBILITY="ALL" DATA_AUTO_PROPAGATE="true" PLATEFORM="ALL"
            RELEASE_DATE="2017-03-02T22:52:27Z" SCHEMA_AUTO_PROPAGATE="true" SERIAL="" SHORTNAME="tBigMLPredict"
            STARTABLE="false" STATUS="ALPHA" VERSION="1.0">
        <SIGNATURE/>
    </HEADER>
    <FAMILIES>
        <FAMILY>Business_Intelligence/BigML Components</FAMILY>
    </FAMILIES>
    <DOCUMENTATION>
        <URL>https://bigml.com</URL>
    </DOCUMENTATION>
    <CONNECTORS>
        <CONNECTOR CTYPE="FLOW" MIN_INPUT="1" MAX_INPUT="1" MIN_OUTPUT="1"/>
        <!--- CONNECTOR CTYPE="ITERATE" MAX_INPUT="1"/>
        <CONNECTOR CTYPE="SUBJOB_OK" MAX_INPUT="1"/>
        <CONNECTOR CTYPE="SUBJOB_ERROR" MAX_INPUT="1"/>
        <CONNECTOR CTYPE="COMPONENT_OK"/>
        <CONNECTOR CTYPE="COMPONENT_ERROR"/>
        <CONNECTOR CTYPE="RUN_IF"/ -->
    </CONNECTORS>
    <PARAMETERS>
        <PARAMETER NAME="SCHEMA" FIELD="SCHEMA_TYPE" REQUIRED="true"
                   NUM_ROW="1" SHOW="true">
            <TABLE/>
        </PARAMETER>
        <PARAMETER NAME="BIGML_USER" FIELD="TEXT" NUM_ROW="2" REQUIRED="true" GROUP="BIGML_CEDENTIALS">
            <DEFAULT>"username"</DEFAULT>
        </PARAMETER>
        <PARAMETER NAME="BIGML_APIKEY" FIELD="PASSWORD" NUM_ROW="3" REQUIRED="true" GROUP="BIGML_CEDENTIALS">
            <DEFAULT>"api_key"</DEFAULT>
        </PARAMETER>
        <PARAMETER NAME="BIGML_DEVMODE" FIELD="CHECK" NUM_ROW="4" REQUIRED="true" GROUP="BIGML_CEDENTIALS">
            <DEFAULT>false</DEFAULT>
        </PARAMETER>
        <PARAMETER NAME="MODEL_ID" FIELD="TEXT" NUM_ROW="5" REQUIRED="false" GROUP="MODEL_FIELDS">
            <DEFAULT>MODEL_ID</DEFAULT>
        </PARAMETER>
        <PARAMETER NAME="ENSEMBLE_ID" FIELD="TEXT" NUM_ROW="6" REQUIRED="false" GROUP="MODEL_FIELDS">
            <DEFAULT>ENSEMBLE_ID</DEFAULT>
        </PARAMETER>
        <PARAMETER NAME="LOGREGRESSOR_ID" FIELD="TEXT" NUM_ROW="7" REQUIRED="false" GROUP="MODEL_FIELDS">
            <DEFAULT>LOGREGRESSOR_ID</DEFAULT>
        </PARAMETER>
        <PARAMETER NAME="REMOTE_PREDICTION" FIELD="CHECK" NUM_ROW="8" REQUIRED="true" GROUP="MODEL_FIELDS">
            <DEFAULT>false</DEFAULT>
        </PARAMETER>
        <PARAMETER NAME="RESOLUTION_BY_NAME" FIELD="CHECK" NUM_ROW="9" REQUIRED="true" GROUP="MODEL_FIELDS">
            <DEFAULT>true</DEFAULT>
        </PARAMETER>
        <PARAMETER NAME="WITH_CONFIDENCE" FIELD="CHECK" NUM_ROW="10" REQUIRED="true" GROUP="MODEL_FIELDS">
            <DEFAULT>true</DEFAULT>
        </PARAMETER>
        <PARAMETER NAME="PREDICT_COL" FIELD="COLUMN_LIST" NUM_ROW="11" REQUIRED="true" GROUP="MODEL_FIELDS"/>
        <PARAMETER NAME="CONFIDENCE_COL" FIELD="COLUMN_LIST" NUM_ROW="12" REQUIRED="true" GROUP="MODEL_FIELDS"/>
    </PARAMETERS>
    <ADVANCED_PARAMETERS>
    </ADVANCED_PARAMETERS>
    <CODEGENERATION>
        <!-- Maven-managed import list DO NOT EDIT BELOW THIS LINE -->
        <IMPORTS>
<IMPORT MODULE="talend-bridge-api-0.2.jar" NAME="talend-bridge-api-0.2" REQUIRED="true"/>
<IMPORT MODULE="tBigMLPredict-1.1.jar" NAME="tBigMLPredict-1.1" REQUIRED="true"/>
<IMPORT MODULE="slf4j-api-1.6.4.jar" NAME="slf4j-api-1.6.4" REQUIRED="true"/>
<IMPORT MODULE="junit-3.8.1.jar" NAME="junit-3.8.1" REQUIRED="true"/>
<IMPORT MODULE="json-simple-1.1.1.jar" NAME="json-simple-1.1.1" REQUIRED="true"/>
<IMPORT MODULE="guava-13.0.jar" NAME="guava-13.0" REQUIRED="true"/>
<IMPORT MODULE="commons-math3-3.3.jar" NAME="commons-math3-3.3" REQUIRED="true"/>
<IMPORT MODULE="commons-csv-1.1.jar" NAME="commons-csv-1.1" REQUIRED="true"/>
<IMPORT MODULE="bigml-binding-1.6.0.jar" NAME="bigml-binding-1.6.0" REQUIRED="true"/>

</IMPORTS>

        <!-- You can edit again below this line -->
    </CODEGENERATION>
    <RETURNS>
        <RETURN AVAILABILITY="AFTER" NAME="NB_LINE" TYPE="id_Integer"/>
    </RETURNS>
</COMPONENT>
